smiles,y
S=C(NCc1ccco1)Nc1ccc(Oc2ccccc2)cc1,0
OCCCCc1nccc2c1[nH]c1ccccc12,0
Oc1nccc(SCc2ccc(Cl)cc2Cl)n1,0
Oc1ccccc1C1NN=C(c2ccccc2)S1,0
Oc1ccc2ccccc2c1C[NH+]1CCOCC1,0
OC1(C#CC[NH+]2CCCC2)c2ccccc2-c2ccccc21,0
O=S(=O)(N[C@H]1C[C@@H](NS(=O)(=O)OCC(Cl)(Cl)Cl)C2CCCCC21)OCC(Cl)(Cl)Cl,0
O=S(=O)(c1cccc2cccnc12)N1CCc2ccccc21,0
O=S(=O)(c1ccc2c(c1)OCCO2)N1CCN(c2ccccc2)CC1,1
O=S(=O)(c1ccc2c(c1)OCCO2)N1CC[NH+](Cc2ccc3c(c2)OCO3)CC1,1
O=P1(Nc2nc3ccc(Cl)cc3s2)COc2ccccc2O1,0
O=C1S/C(=C\c2ccc(N3CCOCC3)o2)C(=O)N1Cc1c(F)cccc1Cl,1
O=C1S/C(=C/c2ccc(N3CCOCC3)o2)C(=O)N1Cc1ccc(F)cc1,1
O=C1OC(NC(=O)c2ccccc2)C(n2cc(CO)nn2)=C1Cl,0
O=c1ncn(-c2cccc(F)c2)c2ncccc12,0
O=C1NCCC/C1=N\Nc1ccc(Br)cc1,0
O=C1NC(=O)N(Cc2ccco2)C(=O)/C1=C/[NH2+]Cc1cccs1,1
O=C1NC(=O)N(Cc2ccccc2)C(=O)/C1=C/[NH2+]CCN1CC[NH2+]CC1,0
O=C1NC(=O)N(c2ccc3c(c2)OCO3)C(=O)/C1=C\c1ccc(-c2ccccc2C(=O)[O-])o1,1
O=C1NC(=O)N(c2ccc3c(c2)OCO3)C(=O)/C1=C/c1cccs1,1
O=C1NC(=O)C(=Cc2coc3ccc(O)cc3c2=O)C(=O)N1,1
O=C1CSC(c2ccc(Cl)cc2)N1,0
O=C1CSC(=S)N1N1C(=O)c2cccc([N+](=O)[O-])c2C1=O,0
O=C1CN(C(=O)c2ccco2)c2ccccc2N1,0
O=c1ccn(CCOc2ccc(Cl)cc2)c(=O)[nH]1,0
O=C1CCCN1CCCNc1ncnc2sccc12,0
O=C1CCCc2nc3nc4ccccc4n3cc21,0
O=c1c2nnn(-c3ccc(Br)cc3)c2ncn1Cc1ccccn1,0
O=c1c2ccccc2nnn1CSc1nnnn1-c1ccccc1,1
O=C1c2ccccc2C(=O)c2c(NCCC[NH+](CCO)CCO)cccc21,0
O=c1c(Cc2ccc(Cl)cc2)c([O-])ccn1Cc1ccncc1,1
O=c1c(C(c2nnnn2C2CCCCC2)[NH+]2CCCCC2)coc2ccc(Cl)cc12,0
O=C1/C(=C\c2cccnc2)SC(=S)N1C1CCS(=O)(=O)C1,0
O=C1/C(=C/c2ccc(O)cc2)CCc2ccc([N+](=O)[O-])cc21,0
O=C(OCN1C(=O)c2ccccc2C1=O)c1cccnc1SC(F)F,0
O=C(Oc1cccc(Cl)c1)N1CCOCC1,0
O=C(NNc1nc(-c2ccc(Br)cc2)cs1)c1ccco1,0
O=C(NNc1c(Cl)cccc1Cl)c1sccc1Cl,1
O=C(NNC(=S)NCC1CCCO1)c1ccc(Cl)s1,0
O=C(NCCOC(=O)c1ccc(C(=O)OCCNC(=O)c2cccnc2)s1)c1cccnc1,1
O=C(NCCN1CC[NH+](Cc2ccc([N+](=O)[O-])cc2)CC1)C(=O)Nc1ccccc1,0
O=C(NCCCn1ccnc1)c1ccc(Cl)c(S(=O)(=O)N2CCOCC2)c1,0
O=C(NCCC[NH+]1CCOCC1)c1cnn2c(-c3ccccc3)cc(-c3ccccc3)nc12,0
O=C(NCCC[NH+]1CCOCC1)c1ccc([N+](=O)[O-])cc1[N+](=O)[O-],0
O=C(NCCC[NH+]1CCOCC1)c1cc(Cl)ccc1OCc1ccccc1,0
O=C(NCc1nnc2c(C(F)(F)F)cc(Cl)cn12)c1cccs1,1
O=C(NCc1cccs1)C1CCN(S(=O)(=O)c2cccs2)CC1,1
O=C(NCc1cccnc1)c1nnc(Cc2ccc(F)cc2)o1,0
O=C(NCc1cccc(Cl)c1)N1CCN(S(=O)(=O)c2ccccc2F)CC1,1
O=C(NCc1ccc(Cl)cc1Cl)c1ccccn1,0
O=C(NCc1ccc(/C=c2\sc3n(c2=O)CCN=3)o1)C(=O)Nc1ccccc1,1
O=C(Nc1nncs1)c1cccc(S(=O)(=O)N2CCOCC2)c1,0
O=C(Nc1nnc(SCc2ccc(F)cc2)s1)C1CC(=O)N(Cc2ccccc2)C1,1
O=C(Nc1ncnc2sc3c(c12)CCCC3)c1ccncc1,0
O=C(Nc1nc[nH]n1)c1ccccc1O,0
O=C(Nc1cnn(Cc2ccc(F)cc2)c1)c1cc2nc(-c3ccco3)cc(C(F)(F)F)n2n1,0
O=C(Nc1ccccc1Cc1ccccc1)C1CC(=O)N(c2ccc3c(c2)OCCO3)C1,0
O=C(Nc1ccccc1)N1CCSc2cc(Cl)ccc21,0
O=C(NC1CCCCC1)N1CCC(n2cnc3ccccc32)CC1,0
O=C(NC1CCCCC1)C(c1ccc(F)cc1)N(Cc1ccco1)C(=O)Cn1nnc2ccccc21,0
O=C(Nc1ccccc1)[C@@H]1[C@@H]2C(=O)N(c3ccc(F)cc3)C(=O)[C@@H]2[C@H]2C=CC=NN21,1
O=C(Nc1cccc2ccccc12)N1CCc2ccccc2C1,0
O=C(NC1CCCC1)C1CCC(CNS(=O)(=O)c2ccccc2)CC1,0
O=C(Nc1cccc(Cl)c1)Nc1ccnc(-c2cccnc2)n1,0
O=C(Nc1ccc2c(c1)oc1ccccc12)C1CC1,0
O=C(Nc1ccc(S(=O)(=O)NCC2CCCO2)cc1)c1ccccc1,0
O=C(Nc1ccc(Cl)cc1)N(CCC[NH+]1CCOCC1)Cc1cccs1,0
O=C(Nc1cc(C(F)(F)F)ccc1N1CCOCC1)c1ccco1,0
O=C(NC(c1ccccc1)C(Cl)(Cl)Cl)c1ccccc1,0
O=C(NC(=S)Nc1c(F)cc(F)cc1Br)c1ccc2c(c1)OCCO2,0
O=C(NC(=S)N1CCCCC1)c1csc([N+](=O)[O-])c1,0
O=C(N1CCCCCC1)N1CCN(C(=O)N2CCOCC2)CC1,0
O=C(CSCc1ccccc1)N1CCN(c2cccc(C(F)(F)F)c2)CC1,0
O=C(CSCc1c(Cl)cccc1Cl)Nc1ccc2c(c1)OCCO2,0
O=C(CSc1nnc(-c2ccccc2O)n1Cc1ccccc1)NNC(=O)c1ccccc1O,0
O=C(CSc1nc2ccccc2c(=O)n1CC1CCCCC1)N1CCOCC1,0
O=C(CSc1nc2cc(Cl)ccc2[nH]1)c1ccc2c(c1)OCO2,1
O=C(CSc1nc(O)c2c(n1)CC[NH+](Cc1ccc(F)cc1)C2)Nc1ccc(F)cc1,1
O=C(CSc1nc(O)c(C2CCCCC2)c(O)n1)N1CCOCC1,0
O=C(CSc1n[nH]c(-c2ccncc2)n1)Nc1ccccn1,0
O=C(CSc1n[nH]c(-c2cccs2)n1)N1CCN(S(=O)(=O)c2ccccc2)CC1,1
O=C(CSc1ccccc1)N1CCN(S(=O)(=O)c2ccccc2F)CC1,1
O=C(CSc1ccc2nnc(-c3ccncc3)n2n1)N1CCc2ccccc21,0
O=C(CSc1ccc(F)cc1)N1CCN(S(=O)(=O)c2ccccc2)CC1,1
O=C(CSC1=NCCS1)NC(NC(=O)CSC1=NCCS1)c1ccccc1,0
O=C(CSC1=[NH+]C(=O)C(Cc2ccccc2)C(=O)N1)Nc1ncc(Br)cc1Br,0
O=C(COc1ccccc1)n1nc(-c2ccc(Cl)cc2)nc1NCc1ccco1,0
O=C(COc1ccc(S(=O)(=O)N2CCc3ccccc32)cc1Cl)NCc1ccccn1,1
O=C(COC(=O)c1ccc([N-]S(=O)(=O)c2cccs2)cc1)NCc1ccco1,1
O=C(CNS(=O)(=O)c1cccs1)N1CCN(c2ccccn2)CC1,1
O=C(CNS(=O)(=O)c1ccccc1)N1CCCC1,0
O=C(Cn1nnc(-c2ccccc2Cl)n1)N1CCN(S(=O)(=O)c2ccc(Cl)cc2)CC1,1
O=C(Cn1cnc2c(nnn2Cc2ccc(F)cc2)c1=O)Nc1ccccc1,0
O=C(Cn1c(CSc2ccccc2)nc2ccccc21)Nc1ccccc1,0
O=C(CN1C(=O)c2ccccc2S1(=O)=O)NCCSc1ccccc1,0
O=C(CCNS(=O)(=O)c1cccc2nsnc12)NC1CCCc2ccccc21,0
O=C(CCN1C(=O)/C(=C/c2cccs2)SC1=S)Nc1cccc(O)c1,1
O=C(CCl)N1CCN(S(=O)(=O)c2ccc3ccccc3c2)CC1,1
O=C(CCCSc1nc2ccccc2[nH]1)NCc1ccc(Cl)cc1,0
O=C(CCCn1c(=S)[nH]c2cc3c(cc2c1=O)OCO3)NC1CC1,1
O=C(CCCc1cccs1)N1CCN(S(=O)(=O)c2ccccc2Br)CC1,1
O=C(CCC1CCCC1)Nc1ccc(Br)cn1,0
O=C(CCC(=O)NCCO)NCCO,0
O=C(Cc1nc2ccccc2[nH]1)N/N=C/c1ccccc1,0
O=C(Cc1ccccc1)NNC1CC(=O)N(c2ccc(Oc3ccccc3)cc2)C1=O,0
O=C(Cc1ccccc1)NC1CCN(S(=O)(=O)c2cccc(F)c2)CC1,1
O=C(Cc1ccccc1)Nc1ccc(SC(F)F)cc1,0
O=C(Cc1ccc2c(c1)OCCO2)N1CCN(S(=O)(=O)c2cccc(Cl)c2Cl)CC1,1
O=C(Cc1ccc(Cl)cc1)NN1C(=O)c2ccccc2C1=O,0
O=C(CC1C(=O)NCC[NH+]1Cc1ccc(-c2ccccc2)cc1)NCCc1ccccn1,0
O=C(CC12CC3CC(CC(C3)C1)C2)NC(=S)NCc1ccco1,0
O=C(CC(C(=O)N1CCc2ccccc21)n1ccnc1)NCC1CCCO1,0
O=C(c1ccncc1)N1N=C(c2ccc(Br)cc2)CC1c1ccccc1O,1
O=C(c1cccc(Cl)c1)c1nn(-c2ccccc2)c(=O)cc1C(F)(F)F,0
O=C(c1ccc2c(c1)OCO2)N1CCC(Cc2ccccc2)CC1,0
O=C(C1CC[NH+](Cc2nc(-c3ccc(Cl)cc3)no2)CC1)N1CCOCC1,0
O=C(c1cc(-c2ccccn2)nc2ccc(Br)cc12)N1CCN(S(=O)(=O)c2ccccc2)CC1,1
O=C(C[NH+]1CCN(Cc2ccc(Cl)cc2)CC1)N/N=C/C=C/c1ccccc1[N+](=O)[O-],0
O=C(C[NH+]1CCN(c2ccc(F)cc2)CC1)NC(=O)NCc1ccco1,0
O=C([O-])CCCn1cc(NC(=O)COc2ccccc2[N+](=O)[O-])cn1,0
O=C([O-])CC(CNS(=O)(=O)c1ccccc1)c1ccccc1,0
O=C([O-])c1cccc(NS(=O)(=O)c2ccc(NC(=O)c3ccco3)cc2)c1,0
O=C([O-])c1cccc(Nc2nc(Nc3ccccc3)nc(N3CCCC3)n2)c1,0
O=C([O-])c1cccc(-n2c(/C=C/c3ccc([N+](=O)[O-])cc3)nc3ccccc3c2=O)c1,0
O=C([O-])c1cccc(Cn2c(Cl)c(/C=N/NC(=O)c3cc4ccccc4cc3O)sc2=O)c1,1
O=C([O-])c1ccc(N/N=C/C=C/c2ccc([N+](=O)[O-])o2)cc1,0
O=C([O-])C1C2C=CC3(CN(C4CCCC4)C(=O)C13)O2,0
O=[N+]([O-])c1ccccc1S(=O)(=O)N1CC[NH+](CC2CC=CCC2)CC1,0
O=[N+]([O-])c1ccc(Sc2nnnn2-c2ccccc2)nc1,1
O=[N+]([O-])c1ccc(NCCNS(=O)(=O)c2ccccc2)c(C(F)(F)F)c1,1
O=[N+]([O-])c1ccc(NCCCNS(=O)(=O)c2ccccc2)c(Cl)c1,1
O=[N+]([O-])c1ccc(N/N=N/c2ccccc2)cc1,0
Nc1nnc(SCC(=O)c2ccc3c(c2)NC(=O)CO3)s1,1
Nc1nc(C(F)(F)F)cc(=O)n1/N=C/c1ccccc1C(F)(F)F,1
Nc1n[nH]c(SCC(=O)Nc2ccc(Br)cc2F)n1,1
Nc1n[nH]c(SCC(=O)Nc2ccc([N+](=O)[O-])cc2Br)n1,1
Nc1ccc(S(=O)(=O)c2ccc(N)c(N)c2)cc1,1
NC(=S)NNC(=O)Nc1cccc(Cl)c1,0
NC(=S)c1ccc(C(N)=S)o1,1
NC(=O)NC(=O)C(Nc1ccc2c(c1)CCC2)c1ccccc1,0
NC(=O)COC(=O)c1cc(S(=O)(=O)N2CCN(c3ccccc3)CC2)ccc1Cl,0
NC(=O)Cn1cnc2nc3n(c2c1=O)CCC3,0
NC(=O)CC[C@@H]1NC(=O)[C@H](Cc2ccc(O)cc2)NC(=O)c2cc([N+](=O)[O-])cc(F)c2OCC[C@@H](C(N)=O)NC1=O,0
NC(=O)CC(NC(=O)Cc1ccc(Cl)cc1)c1ccc(NCCc2ccccc2F)c([N+](=O)[O-])c1,1
NC(=O)C1CCN(C(=O)C2CCC(=O)N(C3CCCCCC3)C2)CC1,0
NC(=O)c1cc(S(=O)(=O)NCCc2ccc(S(N)(=O)=O)cc2)cs1,0
N#CCCn1cc(/C=N/O)c(-c2ccc(-c3ccccc3)cc2)n1,0
N#CCc1ccc(NS(=O)(=O)c2cccs2)cc1,1
N#CCC1c2ccccc2CCN1C(=O)Nc1cccc(Cl)c1,0
N#Cc1cccc(/N=C/c2c(O)ccc3ccccc23)c1,0
N#Cc1ccc(OCC(=O)N2CCN(S(=O)(=O)c3cccs3)CC2)cc1,1
N#Cc1ccc(NCCc2ccccn2)c([N+](=O)[O-])c1,1
N#Cc1c(NCC[NH3+])nc(-c2ccccc2)c2c1CCCC2,0
N#Cc1c(NC(=O)C2C3C=CC(C3)C2C(=O)[O-])sc2c1CCCCC2,0
N#Cc1c(N)n(CCNC(=O)c2ccccc2)c2nc3ccccc3nc12,1
N#Cc1c(N)n(CCNC(=O)c2ccc(Cl)cc2)c2nc3ccccc3nc12,1
N#CC(C#N)=Cc1ccc(-c2ccc(S(=O)(=O)NC(=N)N)cc2)o1,1
N#C/C(=C\Nc1ccc(Cl)cn1)S(=O)(=O)c1ccccc1,1
N#C/C(=C\c1ccccc1)C(=O)Nc1cc(S(=O)(=O)N2CCOCC2)ccc1N1CCCC1,0
N#C/C(=C/c1ccc(N2CCOCC2)o1)c1ccc(Br)cc1,1
Fc1ccccc1Cn1nnc2c(-n3ccnc3)ncnc21,1
Fc1ccccc1C(c1nnnn1Cc1ccc2c(c1)OCO2)[NH+]1CCN(Cc2ccccc2)CC1,0
Fc1cccc(COc2ccccc2CNc2ccccc2)c1,0
CSCCC(NC(=O)C1CCC(C)CC1)C(=O)[O-],0
CSCCC(=O)N1CC[C@@H]([NH+]2CCN(c3ccccc3F)CC2)[C@H](O)C1,0
CSCC[C@H](NC(=O)NCCc1ccc(F)cc1)C(=O)[O-],0
CSc1nc(N(CCO)CCO)c2sc3nc(-c4ccco4)c4c(c3c2n1)CCC4,0
CSc1ccccc1-n1nnnc1SCc1ccccc1,0
CSc1cccc(NC(=O)/C=C/c2ccccc2)c1,0
CSc1ccc(S(=O)(=O)N2CCC(C(=O)NCc3ccco3)CC2)cc1,1
CSc1ccc(S(=O)(=O)N2CC[NH+](Cc3ccc4c(c3)OCO4)CC2)cc1,1
CSc1ccc(C[NH+](C)CC(=O)Nc2ccccc2Br)cc1,0
CSC1=N/C(=C\c2cccc(Cl)c2)C(=O)N1[NH+](C)C,0
CS(=O)(=O)NCc1nnc(SCc2ccccc2C(F)(F)F)o1,0
CS(=O)(=O)Nc1ccc(C(=O)NCCSC2CCCCC2)cc1,0
COCCSc1nnc(NC(=O)C2CC(=O)N(c3ccc(Cl)cc3)C2)s1,0
COCCNc1ccc(-c2nn(C)c(=O)c3ccccc23)cc1[N+](=O)[O-],0
COCCNC(=O)Nc1ccc2nc(C)sc2c1,0
COCCNC(=O)c1onc(CSc2cc(C)cc(C)c2)c1C(=O)[O-],0
COCCNC(=O)[C@H](C)[C@@H]1C[C@@]1(C)[C@@H](NC(=O)OCc1ccccc1)c1ccccc1,0
COCCn1c(-c2ccc(Cl)cc2)nc2oc3cc(OC)ccc3c(=O)c2c1=O,0
COCCN1C(=O)C(O)=C(C(=O)c2ccc(S(=O)(=O)N3CCCCC3)cc2)C1c1ccc(OC)cc1,0
COCCn1/c(=N\C(=O)CCS(=O)(=O)c2ccccc2)sc2cc(C(=O)OC)ccc21,0
COCCn1/c(=N/C(=O)c2ccc(S(=O)(=O)N3CCOCC3)cc2)sc2cc(S(N)(=O)=O)ccc21,0
COCCN(C(=O)/C=C/c1cccc([N+](=O)[O-])c1)c1c(N)n(Cc2ccccc2)c(=O)[nH]c1=O,1
COCCCNC(=S)N1CCN(S(=O)(=O)c2ccc(OC)cc2)CC1,1
COCCCNC(=O)c1ccccc1Oc1ccccc1,0
COCCCNC(=O)c1cc2cc(Br)ccc2oc1=O,0
COCCCn1c(CCC(=O)[O-])ccc1-c1ccc(F)cc1,0
COc1nc(NC(C)(C)C)nc(Oc2ccc(=O)n(-c3ccccc3)n2)n1,0
COc1ccnc2c1c(=O)n(Cc1cccc(C(F)(F)F)c1)c(=O)n2C,0
COc1ccccc1NS(=O)(=O)c1cc2c(cc1C)NC(=O)CO2,1
COc1ccccc1NS(=O)(=O)c1cc(NC(=O)c2[nH]c(C)c(C(C)=O)c2C)ccc1N1CCOCC1,1
COc1ccccc1NC(=O)CSc1nc(N)c(C#N)cc1C#N,1
COc1ccccc1NC(=O)CN1C(=O)C2(OCCCO2)c2ccccc21,0
COc1ccccc1NC(=O)C1=C(C)NC(=O)NC1c1ccccc1[N+](=O)[O-],1
COc1ccccc1N1CC[NH+](CC(=O)c2c[nH]c3ccccc23)CC1,0
COc1ccccc1COC(=O)N/C=C/c1ccco1,1
COc1ccccc1CNC(=O)CN(c1ccc(C)cc1)S(=O)(=O)c1c(C)n[nH]c1C,0
COc1ccccc1C1(CC(=O)N2CCOCC2)CCOC(C(C)C)C1,0
COc1ccccc1C(=O)NCCn1cc(SCC(=O)NCc2ccco2)c2ccccc21,0
COc1ccccc1C(=O)COC(=O)/C=C/c1ccccc1,0
COc1ccccc1C(=O)C1CCC[NH+](Cc2cnc(C)s2)C1,0
COc1cccc2c1OCC(C(=O)NC(C)C)=C2,0
COc1cccc(OC)c1C(=O)NC(=S)Nc1ccc2c(c1)C(=O)N(C)C2=O,0
COc1cccc(NS(=O)(=O)c2cc3c(cc2C)NC(=O)CO3)c1,1
COc1cccc(NC(=O)CSc2nnc(Cc3ccc(OC)c(OC)c3)o2)c1,1
COc1cccc(CNC(=O)N2CCN(S(=O)(=O)c3ccc(Cl)cc3)CC2)c1,1
COc1cccc(CNC(=O)C2CCN(S(=O)(=O)c3ccccc3)CC2)c1,1
COc1cccc(Cn2nnc3c(O)nc(C4CCCN(C(=O)c5ccccc5Cl)C4)nc32)c1,0
COc1cccc(CN2CC[NH+](CC(=O)NCCc3ccccc3)CC2)c1,0
COc1cccc(-c2nc(CS(=O)(=O)CC(=O)Nc3cccc(C)c3C)c(C)o2)c1,0
COc1ccc2sc(N(CC[NH+](C)C)C(=O)/C=C/c3cccs3)nc2c1,0
COc1ccc2nc(O)c(CN(Cc3ccco3)C(=O)c3ccccc3)cc2c1,0
COc1ccc2c(CC(=O)N3CCN(S(=O)(=O)c4cccs4)CC3)coc2c1,1
COc1ccc2[nH]c3c(c2c1)CCN1C(=O)N([C@@H](C)C(=O)NC2CC2)C(=O)[C@]31C,0
COc1ccc(S(=O)(=O)NCC2CCCN(C(=O)c3ccccc3)C2)cc1,1
COc1ccc(S(=O)(=O)Nc2ccc(S(=O)(=O)Nc3nccs3)cc2)cc1,1
COc1ccc(S(=O)(=O)N2CCN(C(=O)NCc3ccc(C)cc3)CC2)cc1,1
COc1ccc(S(=O)(=O)N2CCc3cc(OC)c(OC)cc3C2)cc1,1
COc1ccc(S(=O)(=O)N2CCC[NH+](CC(=O)Nc3ccc(OC)c(Cl)c3)CC2)cc1,1
COc1ccc(S(=O)(=O)N2CCC(C(=O)N3CC[NH+](C)CC3)CC2)cc1Cl,0
COc1ccc(S(=O)(=O)N(C)c2ccc(C(=O)NCc3ccco3)cc2)cc1,1
COc1ccc(S(=O)(=O)c2ccc([O-])cc2)cc1,1
COc1ccc(OCC(=O)Nc2nnc(S(=O)(=O)N3CCCCCC3)s2)cc1,0
COc1ccc(OCC(=O)N2CCN(S(=O)(=O)c3ccccc3[N+](=O)[O-])CC2)cc1,1
COc1ccc(OC)c(S(=O)(=O)N(C)CC(=O)N2CCN(c3cccc(Cl)c3)CC2)c1,0
COc1ccc(OC)c(N2C(=O)NC(=O)/C(=C\c3ccc([N+](=O)[O-])s3)C2=O)c1,0
COc1ccc(O)c(/C=C(\C#N)C(=O)Nc2cccnc2)c1,0
COc1ccc(NC(=O)CSc2ncn(-c3ccccc3)n2)cc1Cl,1
COc1ccc(NC(=O)CN(c2ccccc2)S(=O)(=O)c2ccccc2)c(OC)c1,0
COc1ccc(NC(=O)CCNC(=O)C2CCN(S(=O)(=O)c3ccc(F)cc3)CC2)cc1OC,1
COc1ccc(NC(=O)c2ccc(NC(=O)COC(=O)CC(NC(=O)c3ccccc3Cl)c3ccccc3)cc2)cc1,0
COc1ccc(NC(=O)c2cc(OC)c(OC)c(OC)c2Br)cc1OC,0
COc1ccc(NC(=O)c2cc(OC)c(OC)c(OC)c2)cc1S(=O)(=O)N1CCCCC1,0
COc1ccc(NC(=O)c2cc(-c3ccccc3Cl)on2)cc1,0
COc1ccc(NC(=O)C(=O)N/N=C/c2cc(C)n(-c3cccc(Cl)c3Cl)c2C)c(OC)c1,0
COc1ccc(-n2ncc3c(=O)n(Cc4c(F)cccc4Cl)cnc32)cc1,0
COc1ccc(-n2nc3cc(C)c(N)c(Br)c3n2)cc1,0
COc1ccc(-n2c(C)c3c(OC)cccc(=O)c3c2C)cc1,0
COc1ccc(N2C(=O)[C@@H]3[C@H](C2=O)[C@H]2C=CC=NN2[C@@H]3C(=O)Nc2ccc(Cl)cc2)cc1,1
COc1ccc(N2C(=O)/C(=C/c3cccs3)C(=O)NC2=S)cc1,1
COc1ccc(-n2c([S-])nnc2-c2cccc(C)c2[N+](=O)[O-])cc1,1
COc1ccc(N(C(=O)CNC(=O)c2cccs2)C(C(=O)NC2CCCC2)c2ccncc2)cc1,0
COc1ccc(CNS(=O)(=O)c2ccccc2Br)cc1,0
COc1ccc(CNc2ncnc3sccc23)cc1OC,0
COc1ccc(CNC(=O)Nc2cccs2)cc1OC,1
COc1ccc(CNC(=O)Cc2ccc(OC)c(S(=O)(=O)N3CCOCC3)c2)cc1,0
COc1ccc(CN2C[NH+](Cc3ccc(OC)cc3)CN=C2Nc2nc(C)cc(C)n2)cc1,0
COc1ccc(Cl)cc1C(=O)C1CCC[NH+](Cc2cnc(N3CCOCC3)s2)C1,0
COc1ccc(CCNC(=O)CCCn2c(SCC(N)=O)nc3cc4c(cc3c2=O)OCO4)cc1OC,0
COc1ccc(CC(=O)Nc2cccc(-c3ccc4nncn4n3)c2)cc1OC,0
COc1ccc(-c2noc(CCC(=O)Nc3cccnc3)n2)cc1OC,1
COc1ccc(-c2noc(-c3ccccc3-c3ccccc3)n2)cc1,0
COc1ccc(-c2nc(NC(=O)c3[nH]c(C)c(C(C)=O)c3C)sc2C)cc1,1
COc1ccc(C2NC(=O)CS2)cc1OC,0
COc1ccc(-c2ccc(CCC(=O)[O-])n2Cc2ccco2)cc1,0
COc1ccc(-c2c(C)oc3cc(O)cc([O-])c3c2=O)cc1OC,0
COc1ccc(C2C(C(=O)c3ccco3)=C(O)C(=O)N2CC2CCCO2)cc1,0
COc1ccc(C2=NN(C(=O)c3ccncc3)C(c3ccccc3O)C2)cc1,1
COc1ccc(C2=CC(c3c(C)nn(-c4ccccc4)c3Cl)n3nnnc3N2)cc1OC,0
COc1ccc(C[NH+](C)C2CCCCC2)cc1,0
COc1ccc(C)cc1S(=O)(=O)NCC(c1cccnc1)[NH+]1CCc2ccccc2C1,1
COc1ccc(C(C)(C)C)cc1NC(=O)c1[nH]c(C)c(C(C)=O)c1C,1
COc1ccc(C(=O)NCCc2c[nH]c3ccccc23)cc1[N+](=O)[O-],0
COc1ccc(C(=O)NC(=S)N2CC[NH+](C)CC2)cc1Br,0
COc1ccc(C(=O)N2CCc3cc(OC)c(OC)cc3C2c2cccc([N+](=O)[O-])c2)cc1OC,0
COc1ccc(C(=O)N2CCC([NH+]3CCN(c4ccccc4)CC3)CC2)cc1,0
COc1ccc(C(=O)N/N=C/c2ccc(N3CCOCC3)o2)cc1OC,1
COc1ccc(C(=O)/C=C/C(=O)N(CC(=O)NC2CCCCC2)CC2CCCO2)c(O)c1,1
COc1ccc(Br)cc1S(=O)(=O)Nc1ncccc1C,1
COc1ccc([N+](=O)[O-])cc1NC(=O)c1ccc(CN(c2ccc(C)c(C)c2)S(C)(=O)=O)cc1,0
COc1ccc(/C=C/C(=O)NCc2nc3ccccc3[nH]2)cc1OC,0
COc1cc2cc(C)c(SCC(=O)N3CCN(C(=O)c4ccco4)CC3)nc2cc1OC,1
COc1cc2cc(C#N)c(SCC(=O)Nc3cc(C)on3)nc2cc1OC,1
COc1cc(OC)cc(-c2nnc(SCC(=O)N3CCCc4ccccc43)o2)c1,0
COc1cc(OC)cc(C(=O)NCCOc2ccccc2)c1,0
COc1cc(OC)cc(C(=O)NCCCn2ccnc2)c1,0
COc1cc(OC)c(C2C(C#N)=C([NH3+])OC3=C2C(=O)CC(C)(C)C3)cc1OC,0
COc1cc(NS(=O)(=O)c2cc3nc(O)c(O)nc3cc2C)cc(OC)c1OC,1
COc1cc(NS(=O)(=O)c2cc3c(cc2C)NC(=O)CO3)cc(OC)c1,1
COc1cc(C[NH2+]Cc2ccc3c(c2)OCO3)c([N+](=O)[O-])cc1OC,0
COc1cc(C(c2nnnn2C(C)(C)C)[NH+]2CCN(c3nc4ccccc4s3)CC2)ccc1O,1
COc1cc(C(=O)OCc2cc(=O)c([O-])co2)ccc1OC(F)F,0
COc1cc(/C=N/NC(=O)c2ccc(CN3C(=O)c4cccc5cccc3c45)cc2)cc(OC)c1O,0
COc1cc(/C=C/C(=O)OCC(=O)Nc2c(C)n(C)n(-c3ccccc3)c2=O)ccc1O,0
COC(=O)COc1cccc(-n2cnnn2)c1,0
COC(=O)CNC(=O)c1ccc([N-]S(=O)(=O)c2cc([N+](=O)[O-])ccc2Cl)cc1,0
COC(=O)Cn1cc(C(=O)C2CC2)c2ccccc21,0
COC(=O)CCC(=O)OC1(C)C(=O)C=C2C=C(C3CC3)N(C(CO)CO)C=C2C1=O,0
COC(=O)CCC(=O)Nc1cccc2ccccc12,0
COC(=O)c1sccc1NC(=O)CSc1ccccc1NC(=O)C[NH2+]C(C)C,0
COC(=O)c1cn(CC(=O)Nc2ccccc2C)c2ccccc12,0
COC(=O)c1ccc(OCC[NH+]2CCCCCC2)cc1,0
COC(=O)c1ccc(OCC(O)Cn2nnc3ccccc32)cc1,0
COC(=O)c1ccc(NC(=O)CSc2nnc(CNc3ccc(OC)cc3)n2C)cc1,0
COC(=O)C1=C(C)N(Cc2ccccc2)C(=O)N[C@H]1c1cccc(C(F)(F)F)c1,0
COC(=O)C1=C([NH3+])Oc2cc(C)n(CCc3ccccc3)c(=O)c2C1c1cccnc1,0
COC(=O)c1[nH]c2cc(C)ccc2c1NC(=O)C[NH+]1CCOCC1,0
COC(=O)C1(C)Cc2cc(OC(C)=O)c(OC(C)=O)cc2N1,0
COC(=O)C(C)NC(=O)CNS(=O)(=O)c1ccc(F)cc1,0
COC(=O)[C@@]1(Cc2ccc(F)cc2)[C@H]2c3cc(C(=O)N(C)C)n(Cc4ccc(C)o4)c3C[C@H]2CN1C(=O)c1ccccc1,1
CNS(=O)(=O)c1cc2c3c(cccc3c1)C(=O)NC2=O,1
CNc1nc(-c2ccccc2)nc(-c2ccccc2)c1C#N,0
CNC(=S)NNC(=O)c1sc2cc(C(F)(F)F)cnc2c1-c1cccnc1,0
CNC(=S)N1N=C(c2ccc(C)cc2)CC1c1ccc(OC)cc1,1
CNC(=O)CN(c1cc([N+](=O)[O-])ccc1OC)S(C)(=O)=O,0
CNC(=O)c1ccc(NC(=O)Nc2ccccc2)cc1,0
CNC(=[NH+]C)SCc1nc(O)c2sccc2n1,0
Cn1nnc2cc(C(=O)N3CCCCCC3)ccc21,0
Cn1nc(-c2ccc(Cl)cc2)c2cc(C(=O)N3CCN(C(=O)c4ccco4)CC3)sc21,0
Cn1nc(-c2ccc(C(=O)N3CC[NH+](CCO)CC3)cc2)c2ccccc2c1=O,0
Cn1nc(C(C)(C)C)cc1C(=O)NNC(=O)c1ccccc1Cl,0
Cn1cnnc1Sc1cc(N2CCN(S(=O)(=O)c3ccccc3)CC2)ccc1[N+](=O)[O-],1
Cn1cnnc1Sc1cc(N2CCN(S(=O)(=O)c3ccc4ccccc4c3)CC2)ccc1[N+](=O)[O-],1
CN1CC[NH+](CCC(=O)OC2CC3CCC(C2)[NH+]3C)CC1,0
CN1c2ccccc2C(C)(C)C12CC(c1ccc(Cl)c(S(=O)(=O)N3CCCC3)c1)=NO2,0
Cn1c(SCC(=O)N/N=C/C=C\c2ccco2)nc2ccccc21,1
Cn1c(OCc2cccnc2)nc2c1c(=O)n(Cc1ccc(Br)cc1)c(=O)n2C,1
Cn1c(=O)oc2cc(S(=O)(=O)Nc3ccc4c(c3)OCO4)ccc21,1
Cn1c(=O)nc2n(Cc3ccccc3)c3cccc(Cl)c3cc-2c1=O,0
Cn1c(=O)n(C)c2cc(S(=O)(=O)NCc3ccccc3)ccc21,1
Cn1c(=O)n(C)c2cc(S(=O)(=O)Nc3cc(Cl)ccc3O)ccc21,1
CN1C(=O)CN=C(c2ccc(Cl)cc2)c2cc(Cl)ccc21,0
CN1C(=O)Cc2cc(S(=O)(=O)NCc3c(F)cccc3Cl)ccc21,1
Cn1c(=O)c2cc(S(=O)(=O)Nc3cccc(F)c3)ccc2n(C)c1=O,1
Cn1c(=O)c2cc(S(=O)(=O)Nc3ccc4c(c3)OCO4)ccc2n(C)c1=O,1
Cn1c(=O)c2c(SCC(=O)NCC3CCCO3)nc(-c3cccs3)nc2n(C)c1=O,0
Cn1c(=O)c2c(nc(C[NH+]3CCN(c4ccccc4)CC3)n2Cc2c(F)cccc2Cl)n(C)c1=O,0
Cn1c(=O)c2c(nc(Br)n2CC(=O)c2cccs2)n(C)c1=O,0
Cn1c([S-])nnc1CSCc1ccc(Cl)cc1Cl,1
CN(Cc1nc(-c2cccnc2)no1)S(=O)(=O)c1ccc(Br)cc1,0
CN(c1ccccc1)S(=O)(=O)c1ccc(NC(=O)C2CC2)cc1,0
CN(c1ccc(C(=O)NCc2ccc3c(c2)OCO3)cc1)S(=O)(=O)c1ccccc1,1
CN(C)S(=O)(=O)c1cc(NC(=O)C[NH+]2CCN(c3ccc(O)cc3)CC2)ccc1Cl,0
CN(C)c1ccc(/C=N/n2ncc3ccccc32)cc1,0
CN(C)C(=O)C(OC(=O)c1ccc2ccccc2n1)c1ccccc1,0
CN(C(=O)C1CCOC1)c1nnc(-c2ccncc2)s1,0
CN(C(=O)C1CCCO1)c1nnc(-c2ccncc2)s1,0
Clc1ccccc1CONc1ncnc2nonc12,1
Clc1ccc(CNc2ccccn2)cc1,0
Clc1ccc(-c2nn3cnnc3s2)c(Cl)c1,0
CCS(=O)(=O)Nc1cccc(C2=NN(C(C)=O)C(c3cccs3)C2)c1,1
CCS(=O)(=O)Nc1ccc(C2=NN(C(C)=O)C(c3cccs3)C2)cc1,1
CCS(=O)(=O)Nc1ccc(C2=NN(C(=O)c3ccco3)C(c3ccc(C)cc3)C2)cc1,1
CCS(=O)(=O)N1CCN(S(=O)(=O)c2ccc3c(c2)OCCO3)CC1,1
CCS(=O)(=O)c1ccc(C(=O)Nc2cccc(Cl)c2)c(Cl)c1Cl,0
CCOCCCNC(=O)Cn1nc(-c2ccccc2)ccc1=O,0
CCOc1ccccc1NC(=O)C([NH2+]CCc1ccc(OC)cc1)c1ccccc1,0
CCOc1ccccc1N(CC(=O)OC)S(=O)(=O)c1ccccc1,0
CCOc1ccccc1C[NH2+]C(c1ccccc1)c1ccccc1,0
CCOc1ccccc1C(=O)NCC(=O)OCC(=O)N1C(C)CCCC1C,0
CCOc1cccc(N2C(=O)CC(NNC(=O)c3ccc(Br)o3)C2=O)c1,0
CCOc1cccc(N2C(=O)CC(n3cnc4ccccc43)C2=O)c1,0
CCOc1ccc(S(=O)(=O)NN2Cc3ccccc3C2=[NH2+])cc1,0
CCOc1ccc(S(=O)(=O)N2CCN(C(=S)NCc3ccco3)CC2)cc1,1
CCOc1ccc(OCC)c(NC(=O)C(NS(=O)(=O)c2ccc3c(c2)oc(=O)n3C)C(C)C)c1,0
CCOc1ccc(NC(=S)NC(=O)c2c(Cl)cnn2CC)c([N+](=O)[O-])c1,0
CCOc1ccc(NC(=S)N(C)C)cc1,0
CCOc1ccc(NC(=O)Cn2nnc(-c3ccccc3NC(=O)C3CC3)n2)cc1,0
CCOc1ccc(N2CC(C(=O)NCc3ccccn3)CC2=O)cc1,0
CCOc1ccc(CCNC(=O)C2CSC3(C)CCC(=O)N23)cc1OCC,0
CCOc1ccc(C2Sc3ccccc3N=C3COC(O)=C32)cc1,0
CCOc1ccc(C2N(c3ccc(OC)cc3)C(=O)C3CCC[NH+]32)cc1OC,0
CCOc1ccc(C2CC(c3cccc(OC)c3OC)n3nnnc3N2)cc1Cl,0
CCOc1ccc(C(=O)Nc2ccc3c(c2)OCCO3)cc1OC,0
CCOc1ccc(C(=O)N2CC[NH+](Cc3ccccc3)CC2)cc1,1
CCOc1ccc(C(=O)CCC(=O)NC(CC(C)C)C(=O)OC)cc1,0
CCOc1cc(N2CCOCC2)c(OCC)cc1NC(=O)c1ccc(=O)n(Cc2ccccc2)n1,0
CCOc1cc(C(=O)NCCN2C(=O)S/C(=C\c3cccnc3)C2=O)cc(OCC)c1OCC,1
CCOc1cc(C(=O)N2CCC3(CC2)OCCO3)cc(OCC)c1OCC,0
CCOC(=S)SCc1cn2ccc(C)cc2[nH+]1,1
CCOC(=O)NC1(C(F)(F)F)NC(=O)N(Cc2ccco2)C1=O,0
CCOC(=O)N1CCN(C(=O)c2oc(=O)c3ccccc3c2-c2ccc(C)cc2)CC1,0
CCOC(=O)N1CCN(C(=O)c2ccc([N+](=O)[O-])cc2Cl)CC1,0
CCOC(=O)N1CCN(C(=O)/C(=C/c2ccc(OC)cc2)NC(=O)c2ccccc2)CC1,0
CCOC(=O)N1CCC(N(CC[NH+](C)C)C(=S)Nc2cccc(Cl)c2C)CC1,0
CCOC(=O)CSc1nnc(CNc2ccc(Cl)cc2)n1-c1ccccc1,0
CCOC(=O)CNC(=O)COc1ccc(Cl)cc1Br,0
CCOC(=O)Cn1nc(-c2ccc(Cl)cc2)ccc1=O,0
CCOC(=O)Cc1csc(NC(=O)COc2cc(C)cc(C)c2)n1,0
CCOC(=O)CC1C(=O)NCCN1C(=O)c1cc2c(=O)n3ccccc3nc2s1,0
CCOC(=O)c1oc2cc(O)cc(C)c2c(=O)c1-c1cscn1,0
CCOC(=O)c1nnn(CC(=O)NC(=O)Nc2ccc(F)cc2)c1C(=O)OCC,0
CCOC(=O)c1csc(N)n1,0
CCOC(=O)C1CCN(C(=O)Cn2cccc2C(=O)c2ccccc2)CC1,0
CCOC(=O)c1ccccc1NC(=S)N1CCC(C)CC1,0
CCOC(=O)C1CCCC[NH+]1Cc1cn(C)nc1-c1ccccc1F,0
CCOC(=O)c1ccc(N/C=C2/CCCC(C)C2=O)cc1,0
CCOC(=O)c1c(NC(=O)c2cccc(N3C(=O)CCC3=O)c2)sc2c1CC[NH+](CC)C2,0
CCOC(=O)c1c(-c2cccs2)csc1NC(=O)COC(=O)c1c(C)noc1C,1
CCOC(=O)c1c(-c2ccc(C)o2)csc1NC(=O)CSc1nnc(C)s1,1
CCOC(=O)c1c(-c2ccc(C)o2)csc1NC(=O)COC(=O)c1cccs1,1
CCOC(=O)c1c(C)nc2c(c1-c1cc(OC)ccc1OC)C(=O)c1ccccc1-2,0
CCOC(=O)c1[nH]c(C)c(C(=O)NC(C)CC)c1C,0
CCOC(=O)C(NC(=O)c1ccccc1Cl)(Nc1sc2c(c1C(N)=O)CCC2)C(F)(F)F,0
CCOC(=O)C(=O)N(Nc1ccccc1C)c1ccccc1C,0
CCO/C(O)=C1\C(C)=Nc2nnnn2C1c1cccc(OC)c1OC,1
CCNc1nc(OCCNS(=O)(=O)c2cc(C)ccc2C)nc(N(C)C)n1,0
CCNc1nc(NCC)nc(OCCOC(=O)c2ccccc2)n1,1
CCNc1cc(Nc2c(C)n(C)n(-c3ccccc3)c2=O)c([N+](=O)[O-])c2nonc12,0
CCNc1c(NS(=O)(=O)c2ccc([N+](=O)[O-])cc2)c(=O)oc2ccccc12,0
CCNC(=S)NNC(=O)c1cc(C2CC2)nc2ccccc12,0
CCNC(=S)Nc1ccc(N2CCCCC2)cc1,0
CCNC(=S)Nc1c(C)n(C)n(-c2ccccc2)c1=O,0
CCNC(=O)C(CCSC)NS(=O)(=O)c1ccc(C)cc1,0
CCn1nnc(NC(c2ccc(F)cc2)P(=O)(OCC(C)C)OCC(C)C)n1,0
CCn1ccnc1C[NH+](C)Cc1nc(-c2ccc3c(c2)OCO3)no1,0
CCn1c(SCC(=O)Nc2nc(C)c(C)s2)nnc1-c1cccs1,0
CCn1c(SCC(=O)Nc2cccc(OC)c2)nnc1-c1ccc(Cl)cc1,0
CCn1c(SCC(=O)Nc2cccc(C)c2)nc2nc3c(cc2c1=O)COC(C)(C)C3,1
CCn1c(SCC(=O)Nc2cc(OC)ccc2OC)nc2c(c1=O)SCC2,0
CCn1c(N)c(C(=O)NCc2ccco2)sc1=S,1
CCn1c(N)c(C(=O)NCc2ccc3c(c2)OCO3)sc1=S,1
CCn1c(Cl)c(C=O)s/c1=N\S(=O)(=O)c1ccccc1,1
CCN1C(=O)c2cccc3c(S(=O)(=O)Nc4nc(C)cs4)ccc1c23,1
CCN1C(=O)c2cccc3c(S(=O)(=O)Nc4ccccc4)ccc1c23,1
CCn1c(=O)c(=O)n(CC)c2cc(S(=O)(=O)Nc3ccc(C)cc3)ccc21,1
CCN(CC)c1ccc(/C=N/Nc2nc(C)cc(C)n2)c(O)c1,0
CCN(CC)c1ccc(/C=N/c2ccccc2C)c(O)c1,0
CCN(CC)/N=N/c1ccc(C(=O)[O-])cc1,0
CCN(CC(=O)NC)S(=O)(=O)c1ccc(C)cc1,0
CCCS(=O)(=O)N1CCN(C(=O)c2ccccc2F)CC1,0
CCCOc1ccc(/C=N/NC(=O)C(C)Sc2ccccn2)cc1OCC,0
CCCNC(=O)c1oc2ccc3c(c2c1C)C(=O)CC(C)(C)O3,0
CCCNC(=O)c1[nH]c(C)c(C(C)=O)c1C,0
CCCN1Cc2cccc(C(=O)NCc3ccc(C)cc3)c2C1=O,0
CCCn1c(SCC(=O)c2ccc3c(c2)OCCO3)nnc1C(C)C,0
CCCn1c(N)c(C(=O)CSc2nc(C)cs2)c(=O)n(C)c1=O,1
CCCN(CCC)S(=O)(=O)c1ccc(C(=O)Nc2ccc(OCC(=O)N3CCOCC3)cc2)cc1,0
CCCN(c1ccc(C(=O)OC)cc1)S(=O)(=O)c1ccccc1,0
CCCN(C(=O)c1cc2c(s1)CCC2)c1c(N)n(Cc2ccccc2)c(=O)[nH]c1=O,1
CCCCSc1ccc(NC(=O)c2cccnc2)cc1,0
CCCCOCCCNc1[nH]cnc2c3ccccc3nc1-2,0
CCCCNC(=O)Nc1nnc(-c2ccccc2)o1,0
CCCCn1c(SCC(=O)Nc2cc(C)on2)nc2c1c(=O)n(C)c(=O)n2C,1
CCCCn1c(SCC(=O)N2CCOCC2)nc2ccccc2c1=O,0
CCCCCC(=O)NC(=S)Nc1ccc(Cl)cn1,0
CCCCc1nc2ccccc2c(C(=O)[O-])c1C,0
CCCCc1nc2ccccc2c(=O)n1-c1ccc(Cl)cc1[N+](=O)[O-],0
CCCCC(=O)N1CCCC(c2nc(O)c3nnn(Cc4cc(C)ccc4C)c3n2)C1,0
CCCc1cc(O)nc(SCCOC(=O)c2ccccc2)n1,0
CCCc1cc(C(=O)Nc2cccc([N+](=O)[O-])c2)cs1,0
CCCC[NH2+]C(C(=O)Nc1ccc([N+](=O)[O-])cc1Br)c1ccccc1,0
CCCC(C(=O)NC1CCCC1)N(Cc1ccc2c(c1)OCO2)C(=O)c1snc(C(N)=O)c1N,0
CCCC(=O)Nc1c(-c2cccs2)c(=O)c2ccccc2n1CC,0
CCc1sc(C([C-]2C(=O)CC(C)(C)CC2=O)[C-]2C(=O)CC(C)(C)CC2=O)cc1[N+](=O)[O-],1
CCc1nnc(NS(=O)(=O)c2ccc(NC(=O)CCC(=O)OC)cc2)s1,0
CCc1nnc(NC(=O)CSc2nnc3c4ccccc4n(C)c3n2)s1,1
CCc1nnc(NC(=O)CSc2ccc(-c3cccnc3)nn2)s1,1
CCC1CCCCN1C(=O)Cn1c(C(=O)OC)cc2ccsc21,0
CCC1CCCCN1C(=O)CCC(=O)Nc1nnc(C(F)(F)F)s1,0
CCc1ccccc1NS(=O)(=O)c1cc2c(cc1C)n(C)c(=O)c(=O)n2C,1
CCc1cccc2c(C(=S)N3CCOCC3)c[nH]c12,0
CCc1cccc(NS(=O)(=O)c2ccc3c(c2)oc(=O)n3C)c1,1
CCc1cccc(NS(=O)(=O)c2ccc3c(c2)CCC(=O)N3)c1,1
CCc1ccc(OCC(O)C[NH+]2CCC(CN3C(=O)c4cccc5cccc(c45)C3=O)CC2)cc1,0
CCc1ccc(NC(=O)N(Cc2ccco2)C(C)c2cccs2)cc1,0
CCc1ccc(-c2nc(C)c(CCO)c(O)n2)cc1,0
CCc1ccc(C2CC(c3ccc(C)cc3)Nc3nc(N)nn32)cc1,0
CCc1cc2cccc(C)c2nc1SCC(=O)Nc1cc(C)on1,0
CCc1cc(C)cc(OCCOc2ccccc2/C=N/NC(C)=O)c1,0
CCc1c(C(=O)NNC(=S)NCC2CCCO2)csc1C,0
CCC[NH+]1C2CCCC1CC(NC(=S)NCCCOCC)C2,0
CCC[C@H]1COCCS(=O)(=O)N1Cc1ccccc1F,0
CCC(CC)c1nc(O)c2ccccc2n1,0
CCC(CC)C(=O)Nc1cc(C)cc(C)c1,0
CCC(C)NC(=O)CC(c1ccccc1)c1cc(C)ccc1O,0
CCC(C)[C@H](NC(=O)Nc1ccc2c(c1)OCCO2)C(=O)OC,0
CCC(C)(C)NC(=O)C(c1ccncc1)N(Cc1cccs1)C(=O)Cn1nnc2ccccc21,0
CCC(C)(C)n1nnnc1C(c1cc2cc(C)cc(C)c2nc1O)[NH+]1CCN(C(=O)c2ccco2)CC1,1
CCC(C(=O)Nc1ncccn1)(C(F)(F)F)C(F)(F)F,0
CCC(=O)NNc1cccc(Cl)n1,0
CCC(=O)Nc1ccc(S(=O)(=O)Nc2cccnc2)cc1,0
CCC(=O)c1cc2c(cc1NC(=O)C(C)C)OCCO2,0
CCC([NH2+]CCC(c1ccccc1)c1ccccc1)=C1C(=O)N(C)C(=O)N(C)C1=O,0
CC1SC(NN=C2CCCCC2)=[NH+]C1=O,0
Cc1sc(C([C-]2C(=O)CC(C)(C)CC2=O)[C-]2C(=O)CC(C)(C)CC2=O)cc1[N+](=O)[O-],1
Cc1onc(NC(=O)c2ccc(Cl)cc2Cl)c1Br,0
CC1Oc2ccccc2N(CC(=O)NCCc2ccccc2)C1=O,0
Cc1nonc1-c1ccc2c(c1)OCO2,0
Cc1noc2ncnc(N3CCCCC3)c12,0
Cc1noc(C)c1S(=O)(=O)Nc1ccccc1OC(F)(F)F,0
Cc1nnsc1S(=O)(=O)Cc1ccccc1Cl,0
Cc1nnc(SCc2nc(N)nc(Nc3ccccc3)n2)s1,0
Cc1nnc(SCC(=O)NCc2ccco2)n1-c1ccccc1,0
Cc1nnc(SC(C)C(=O)Nc2sc3c(c2C#N)CCCC3)nc1O,0
Cc1nnc(SC(C)C(=O)Nc2ncc(Cl)cc2Cl)n1Cc1ccccc1,0
Cc1nnc(NC(=O)c2ccncc2)s1,0
Cc1nn(S(=O)(=O)c2cccs2)c(C)c1Sc1ccccc1,1
Cc1nn(CCCC(=O)Nc2cccnc2Cl)c(C)c1[N+](=O)[O-],0
Cc1nn(CCC(=O)N2CCN(S(=O)(=O)c3ccccc3)CC2)c(C)c1C,1
Cc1nn(CC2CC2)c(=O)n1N(C)c1ncc(C(F)(F)F)cc1Cl,0
Cc1nn(C)c(Sc2ccccc2N)c1[N+](=O)[O-],1
Cc1nn(C(C)C(=O)[O-])c(=O)c2ccccc12,0
Cc1nccn1CCC(=O)[O-],0
Cc1nc2oc3ccccc3c(=O)c2c(=O)n1Cc1ccccc1,0
Cc1nc2nc(NCc3cccs3)nn2c(C)c1Cl,0
Cc1nc2ccccc2nc1N/N=C/c1ccc(O)cc1O,0
Cc1nc2cc(NCc3ccccc3O)ccc2n1Cc1ccccc1,1
Cc1nc2cc(-c3ccc(F)cc3)nn2c(O)c1C,0
Cc1nc(SCc2ccccc2)c2ccsc2n1,1
Cc1nc(Nc2ccccc2)sc1C(=O)c1ccccc1,0
Cc1nc(COC(=O)c2ccc(S(=O)(=O)N3CCCC3)cc2)cs1,1
Cc1nc(CCNC(=O)Cc2ccc(F)cc2)cs1,0
Cc1nc(-c2cccc(S(=O)(=O)N3CCOCC3)c2)cs1,0
Cc1nc(-c2ccc(S(=O)(=O)Nc3cccc(Cl)c3)cc2)co1,1
CC1CN(S(=O)(=O)c2ccc(NC(=O)CCCN3C(=O)c4ccccc4C3=O)cc2)CC(C)O1,0
CC1CN(C2=[NH+]C(=O)/C(=C3/C(=O)N(Cc4ccc(F)cc4)c4ccccc43)S2)CC(C)O1,0
Cc1ccsc1C(=O)NN=C1CCCCCC1,0
Cc1ccn(S(=O)(=O)c2ccc3oc(=O)ccc3c2)n1,1
Cc1cccn2c(NCc3ccc4c(c3)OCO4)c(-c3ccc(O)cc3)nc12,0
Cc1cccn2c(=O)c3cc(C(=O)NCc4ccco4)c(=[NH2+])n(C(C)C)c3nc12,0
CC1CCCN(C(=O)c2cc(F)c(F)cc2Cl)C1,0
Cc1ccccc1NS(=O)(=O)c1ccc2c(c1)n(C)c(=O)n2C,1
Cc1ccccc1NS(=O)(=O)c1cc2c(cc1C)NC(=O)CO2,1
Cc1ccccc1Nc1nc(N)nc(C[NH+]2CCN(Cc3ccc4c(c3)OCO4)CC2)n1,0
Cc1ccccc1NC(=O)/C=C/c1ccc([N+](=O)[O-])s1,0
Cc1ccccc1NC(=O)/C(C#N)=C/c1ccsc1,0
Cc1ccccc1-n1nnnc1SCc1cc(=O)n2ccsc2n1,1
Cc1ccccc1CN1C[C@@H]2C[C@@H](c3cn(C)nc3-c3ccccc3)[NH+]3CCC[C@@]23C1=O,1
Cc1ccccc1-c1nnn(CC(=O)c2ccc(S(=O)(=O)N3CCCC3)cc2)n1,1
Cc1ccccc1C(=O)OCCCNC1=NS(=O)(=O)c2ccccc21,0
Cc1cccc2cc(C(c3nnnn3Cc3ccc4c(c3)OCO4)[NH+]3CCC(C)CC3)c(O)nc12,0
Cc1cccc(OC(C)C(=O)Nc2ccccc2C(=O)N2CCCCC2)c1,0
Cc1cccc(NS(=O)(=O)c2cc3c(cc2C)n(C)c(=O)c(=O)n3C)c1,1
Cc1cccc(NC(=O)CSc2nnc(Cn3cnc4ccccc43)o2)c1,0
Cc1cccc(CSc2nn3c(=O)c(C)nnc3s2)c1,1
Cc1cccc(CN2CCN(c3nc4nonc4nc3NC3CC3)CC2=O)c1,1
Cc1cccc(Cn2c(SCC(=O)Nc3ccccc3)nc3c2c(=O)[nH]c(=O)n3C)c1,1
Cc1cccc(C)c1NC(=S)NCCc1ccc(O)c(O)c1,1
Cc1cccc(C(=O)N2CCN(c3ccc(C(F)(F)F)cn3)CC2)c1C,0
Cc1cccc(C(=O)N(Cc2nc(O)c3ccccc3n2)C2CCCC2)c1,0
Cc1cccc(/C=N/NC(=O)Cc2cccs2)c1,0
CC1CCc2sc(C(=O)N(C)CC(=O)Nc3cccc(F)c3)cc2C1,0
Cc1ccc2oc(C(=O)NCc3ccc4c(c3)OCO4)c(C)c2c1,0
Cc1ccc2nc(O)c3cc(C(=O)N4CCN(C(=O)c5ccco5)CC4)sc3c2c1,1
Cc1ccc2nc(C)cc(N/N=C/c3ccc(F)cc3)c2c1,1
Cc1ccc2c(cnn2C(=O)CCC(=O)N2CCCCC2)c1,0
CC1CCC2C(C1)OS(=O)(=O)NC2(C)C,0
Cc1ccc2c(C)nc(NC(=N)NS(=O)(=O)c3ccc([N+](=O)[O-])cc3)nc2c1,0
Cc1ccc[n+](CC(=O)Nc2ccc([N+](=O)[O-])cc2)c1,0
Cc1ccc(SCC(=O)NC(=O)Nc2ccc3c(c2)OCCO3)c(C)c1,0
Cc1ccc(SC2=C(C(=O)[O-])CCCC2)cc1,0
Cc1ccc(S(=O)(=O)NCC/N=C/c2ccc(N(C)C)cc2)cc1,0
Cc1ccc(S(=O)(=O)NCC(=O)OCC(=O)NCc2ccc(F)cc2)cc1,0
Cc1ccc(S(=O)(=O)Nc2ccc(O)c3cccnc23)cc1,1
Cc1ccc(S(=O)(=O)N2CCOC2CNC(=O)C(=O)NCCc2ccc(S(N)(=O)=O)cc2)cc1,0
Cc1ccc(S(=O)(=O)N2CCN(c3ccc([N+](=O)[O-])c(Sc4nncn4C)c3)CC2)cc1,1
Cc1ccc(S(=O)(=O)N2CCN(C(=O)CSc3nncs3)CC2)cc1,1
Cc1ccc(S(=O)(=O)N2CCN(C(=O)CSc3ccc(F)cc3)CC2)cc1,1
Cc1ccc(S(=O)(=O)N2CCN(C(=O)CCN3C(=O)c4ccccc4C3=O)CC2)cc1C,1
Cc1ccc(S(=O)(=O)N2CCN(C(=O)Cc3ccc4c(c3)OCCO4)CC2)cc1C,1
Cc1ccc(S(=O)(=O)N2CCCN(S(=O)(=O)c3ccc4ccccc4c3)CC2)cc1,1
Cc1ccc(S(=O)(=O)N2CCCN(S(=O)(=O)c3ccc4c(c3)OCCO4)CC2)cc1,1
Cc1ccc(S(=O)(=O)N2CCCN(S(=O)(=O)c3ccc(C)c(C)c3)CC2)cc1C,1
Cc1ccc(OCC(=O)N2CCN(C(=O)c3cccc(F)c3)CC2)cc1,0
Cc1ccc(OC(=O)c2ccc3snnc3c2)cc1,0
Cc1ccc(NS(=O)(=O)c2c(C)nc3sccn3c2=O)cc1C,1
Cc1ccc(NS(=O)(=O)c2c(C)nc3sccn3c2=O)cc1,1
Cc1ccc(NCc2nnc([S-])n2-c2cccc(Cl)c2)cc1,0
Cc1ccc(Nc2cc(C)c(O)c(C)c2)cc1,0
Cc1ccc(Nc2c(-c3ccc(C)o3)nc3cnccn23)cc1,1
Cc1ccc(NC(=O)NCc2ccncc2)cc1Cl,0
Cc1ccc(NC(=O)C(C)c2cccc(C(=O)c3ccccc3)c2)cc1O,0
Cc1ccc(-n2nc3c(c2NC(=O)c2ccc(Br)o2)CSC3)c(C)c1,0
Cc1ccc(-n2nc(-c3ccco3)cc2C(=O)[O-])c(C)c1,1
Cc1ccc(N2C(=O)/C(=C\NN3CCOCC3)C(=O)NC2=S)cc1,0
Cc1ccc(N(CC(=O)Nc2cc(C)cc(C)c2)S(=O)(=O)c2cccc3nonc23)cc1,0
Cc1ccc(CNC(=O)CSc2nc3nnc(C)c-3c(N)n2-c2cccc(C)c2)cc1,0
Cc1ccc(CNC(=O)CCS(=O)(=O)c2cc(Br)cc3c2N(C(=O)C2CC2)CC3)o1,1
Cc1ccc(CNC(=O)Cc2ccc(NC3=[NH+]C4CS(=O)(=O)CC4S3)cc2)cc1,0
Cc1ccc(CNC(=O)C2c3ccccc3C(=O)N3CCc4ccccc4C23)o1,1
Cc1ccc(Cn2ncc3c(N4CCCC4)ncnc32)cc1,1
Cc1ccc(CN(C)C(=O)C2CCCN2C(=O)c2cccs2)o1,1
Cc1ccc(CCC(=O)Nc2nccs2)o1,1
Cc1ccc(-c2nc(NCCCO)c3ccccc3n2)cc1,0
Cc1ccc(-c2csc(NC(=O)c3ccno3)n2)cc1,0
Cc1ccc(C2C3=C(O)CC(C)(C)CC3=Nc3nc([S-])nc(O)c32)cc1,0
Cc1ccc(C)n1Cc1ccccc1Cl,0
Cc1ccc(C)c2nc(O)c(CN(Cc3ccco3)C(=O)Nc3ccccc3)cc12,1
Cc1ccc(C)c(NC(=O)CCC(=O)N/N=C/c2ccc[nH]2)c1,0
Cc1ccc(C)c(-n2nnnc2SCC(=O)c2ccc3c(c2)NC(=O)CO3)c1,1
Cc1ccc(C(=O)NC2CCN(S(=O)(=O)c3ccccc3)CC2)cc1,0
Cc1ccc(C(=O)NC(=S)Nc2ccc(N3CCOCC3)cc2)c(C)c1,0
Cc1ccc(C(=O)N2CCN(c3ccccc3)CC2)cc1C,0
Cc1ccc(C(=O)C2=C(O)C(=O)N(Cc3cccnc3)C2c2ccccc2[N+](=O)[O-])cc1,0
Cc1ccc([NH+]=C2S/C(=C\c3cn(CC(=O)[O-])c4ccccc34)C(=O)N2C)cc1,0
Cc1ccc([N+](=O)[O-])c(OCCn2cnc3ccccc32)c1,1
Cc1ccc(/N=C/c2cccc(O)c2O)c(C)c1,1
Cc1ccc(/C=N/NC(=O)Cn2ccc(C(F)(F)F)n2)o1,0
Cc1ccc(/C=C/C(=O)N2CCN(S(=O)(=O)c3c(C)c(C)cc(C)c3C)CC2)o1,1
Cc1ccc(/C(COc2ccccc2O)=N\O)cc1,0
Cc1cc2nc(O)c(O)nc2cc1S(=O)(=O)Nc1ccccc1F,1
Cc1cc2nc(O)c(O)nc2cc1S(=O)(=O)Nc1cccc(Cl)c1C,1
Cc1cc2ccccn2c1C(=O)c1cccc(F)c1,0
Cc1cc2c(cc1S(=O)(=O)Nc1ccc(F)cc1)n(C)c(=O)c(=O)n2C,1
Cc1cc2c(=O)n(CC(=O)N3CCN(c4ccccc4)CC3)cnc2s1,0
CC1CC[NH+](C2=C(NS(=O)(=O)c3ccc(Cl)cc3)C(=O)c3ccccc3C2=O)CC1,0
Cc1cc(SCc2ccccc2F)nc(O)n1,1
Cc1cc(O)nc2ccc(S(=O)(=O)Nc3ccc(O)cc3)cc12,1
Cc1cc(NC(=O)CSc2nc3ccsc3c(=O)n2NC(=O)c2ccccc2)no1,0
Cc1cc(NC(=O)c2cc(C)on2)n(-c2ccccc2)n1,0
Cc1cc(CN(C)C(=O)c2cc(COc3ccc(C)c(C)c3)on2)on1,0
Cc1cc(Cl)ccc1NC(=S)NC(C)(C)C,0
Cc1cc(Cl)ccc1NC(=O)C(C)C,0
Cc1cc(-c2nnco2)c(C)n1-c1ccccc1,0
Cc1cc(-c2ccccc2)nc(N(C)NC(=O)C2CC2)c1S(C)(=O)=O,0
Cc1cc(C)n2cc(CSc3nnnn3-c3ccc(Cl)cc3)[nH+]c2n1,1
Cc1cc(C)n(CCOc2nonc2N)n1,0
Cc1cc(C)n(-c2nnc(C)n2/N=C/c2ccco2)n1,0
Cc1cc(C)n(-c2nc3ccccc3n3nnnc23)n1,0
Cc1cc(C)c(S(=O)(=O)N2CCN(C(=O)CCn3nc(C)c(C)c3C)CC2)c(C)c1,1
Cc1cc(C)c(-n2c(C)cc(/C=C3/NC(=O)NC3=O)c2C)c(C)c1,0
Cc1cc(C)c(C(=O)N2CCCC(CNS(=O)(=O)c3cccs3)C2)o1,0
Cc1cc(C(=O)OCC(=O)NCc2ccccc2)c(C)o1,0
Cc1cc(C(=O)NCC(c2ccco2)[NH+](C)C)ccc1[N+](=O)[O-],0
Cc1cc(C(=O)N2CCC(Cc3ccccc3)CC2)no1,0
Cc1cc(C(=O)N/N=C/c2ccc(O)c(O)c2O)c(C)n1-c1ccccc1,1
Cc1cc(C(=O)[O-])ccc1-c1ccc(/C=C2\NC(=O)N(Cc3ccccc3Cl)C2=O)o1,1
Cc1cc(=O)oc2cc(OCC(=O)NC(Cc3c[nH]c4ccc(O)cc34)C(=O)[O-])c(Cl)cc12,0
Cc1cc(=O)oc(C)c1C(=O)OC(C(=O)c1ccccc1)c1ccccc1,0
Cc1cc(=O)n2c3c(sc2n1)C(=O)N(Cc1ccccc1)C3=O,1
Cc1cc([N+](=O)[O-])ccc1-c1ccc(C2Nc3ccccc3C(=O)N2O)o1,1
Cc1c(S(=O)(=O)N2CC(C)CC(C)C2)c(=O)n(C)c(=O)n1C,0
Cc1c(N(C(=O)c2cnccn2)C2(C(=O)NC3CCCC3)CCCCC2)c(=O)n(-c2ccccc2)n1C,0
Cc1c(F)cccc1NS(=O)(=O)c1ccc2c(c1)n(C)c(=O)c(=O)n2C,1
Cc1c(C(=O)N2CCOCC2)[nH]c2c1C(=O)CC(c1ccccc1Cl)C2,1
Cc1c(C(=O)c2ccccc2)c(=O)n(C)c(=O)n1C,0
Cc1c([C@@H]2C[C@H]3CN(Cc4cccc(Cl)c4)C(=O)[C@]34CCC[NH+]24)cnn1C,0
CC12CCCc3c([O-])cc(=O)n(c31)-c1ccccc12,0
CC1=CC(C)C2C(=O)N(CCC[NH+](C)C)C(=O)C2C1,0
CC1=C(C(=O)c2ccccc2)C(c2ccc(OC(F)F)cc2)NC(S)=[NH+]1,0
CC1(C)SC2c3ccccc3C(=O)N2[C@@H]1C(=O)NCCC[NH+]1CCOCC1,0
CC1(C)NC(=O)N(CC(O)Cn2nnc3ccccc32)C1=O,0
CC1(C)CC(OC(=O)c2ccco2)CC(C)(C)N1[O-],0
CC1(C)C(C(=O)N2CCN(C(=O)c3ccccc3)CC2)C1(C)C,0
CC[NH+]1CCN(C(=O)CN(C)S(=O)(=O)c2ccc(OC)c(C)c2)CC1,0
CC[NH+]1CCCC1CNC(=O)C(=O)NCc1ccccc1,0
CC[NH+]1C/C(=C\c2cccc([N+](=O)[O-])c2)C(=O)/C(=C/c2cccc([N+](=O)[O-])c2)C1,0
CC[NH+](CC)CCn1c(=S)[nH]c2ccc(Cl)cc2c1=O,0
CC[NH+](CC)CCN(C(=O)C1=COCCO1)c1nc2c(OC)ccc(OC)c2s1,0
CC(Sc1nnc(NC(=O)c2cc3ccccc3oc2=O)s1)c1ccccc1,0
CC(Sc1ccc([N+](=O)[O-])cn1)C(=O)Nc1nccs1,1
CC(NC(=O)Oc1ccccc1)C(c1cccs1)[NH+]1CCOCC1,0
CC(NC(=O)c1ccc2[nH]cnc2c1)c1ccccc1,0
CC(C[NH+]1CCOCC1)OC(=O)c1cccs1,0
CC(C[NH+]1CCCCC1)OC(=O)c1cccc(F)c1,0
CC(C[NH+](C)Cc1ccccc1)OC(=O)c1cccc(F)c1,0
CC(C)Sc1nc2c(N)ncn(Cc3ccccc3)c-2n1,1
CC(C)NC(=O)COC(=O)c1ccccc1Oc1ccccc1,0
CC(C)Cn1nc2c3c(ccc2c1[O-])C(=O)c1ccccc1C3=O,0
CC(C)Cn1c(N)c(C(=O)COC(=O)c2cnc(Cl)c(Cl)c2)c(=O)n(C)c1=O,0
CC(C)Cn1c([S-])nnc1-c1ccc(F)cc1,0
CC(C)CCn1c(N)c(C(=O)OCC2CCCO2)c2nc3ccccc3nc21,0
CC(C)c1nc(N2CCOCC2)c(C#N)c2c1COC(C)(C)C2,0
CC(C)c1nc([O-])c(C#N)c2c1COC(C)(C)C2,0
CC(C)c1ccccc1NC(=O)COC(=O)c1cc(O)nc(O)n1,0
CC(C)c1ccc(-c2csc(NC(=O)c3cccs3)c2C(=O)[O-])cc1,0
CC(C)C[C@H]([NH3+])c1nnc(S(=O)(=O)Cc2ccc(F)cc2)o1,1
CC(C)C(=O)Nc1c(O)nc2ccccc2c1O,0
CC(C)[C@H](NC(=O)N1c2ccccc2NC(=O)[C@@H]1C(C)C)C(=O)N1CCC(C(=O)[O-])CC1,0
CC(C)[C@@H](CSc1ccccc1)N1CC[NH+](Cc2ccccc2)CCC1=O,0
CC(C)(C)SCCNC(=O)c1ccccc1,0
CC(C)(C)OC(=O)NCCCCCc1nnc(SCC(=O)Nc2cccc(Cl)c2)o1,1
CC(C)(C)c1nc2cc([N+](=O)[O-])ccc2[nH]1,0
CC(C)(C)c1ccc(C(=O)c2c[nH]c(C(=O)NCc3cccs3)c2)cc1,0
CC(C)(C)C(=O)Nc1cccc(-c2nc3ccccc3[nH]2)c1,0
CC(C)(C)C(=O)NC(Sc1ccccc1)C(Cl)(Cl)Cl,0
CC(C(=O)N1CCCc2ccccc21)[NH+]1CCN(S(=O)(=O)c2ccccc2F)CC1,0
CC(C(=O)[O-])N1C(=O)CSc2ncccc21,0
CC(=O)OCC1OC(n2ccc3ccccc32)C(OC(C)=O)C(OC(C)=O)C1OC(C)=O,0
CC(=O)Oc1ccc(S(=O)(=O)c2ccc(OC(C)=O)cc2)cc1,1
CC(=O)Nc1nonc1-c1nc2ccccc2n1Cc1nnc(C)o1,0
CC(=O)Nc1cccc(NC(=O)CSc2[nH+]cc(-c3ccc(Cl)cc3)n2Cc2ccco2)c1,0
CC(=O)Nc1cccc(C(=O)NC(C)c2ccc(S(N)(=O)=O)cc2)c1,0
CC(=O)Nc1ccc(S(=O)(=O)N2CCN=C2SCc2cccnc2)cc1,1
CC(=O)Nc1ccc(S(=O)(=O)c2ccc(C)cc2)cc1,1
CC(=O)Nc1ccc(NC(=O)CCCSc2nc3ccccc3s2)cc1,0
CC(=O)Nc1ccc(C(=O)N/C(=C/c2ccccc2)C(=O)Nc2cccc(C(=O)[O-])c2)cc1,0
CC(=O)N1N=C(c2ccncc2)CC1c1ccccc1O,1
CC(=O)N1N=C(c2cccnc2)CC1c1ccccc1O,1
CC(=O)N1N=C(c2ccc(Cl)cc2)CC1c1ccco1,1
CC(=O)N1CCN(S(=O)(=O)c2ccc(S(=O)(=O)NC3CC3)cc2)CC1,0
CC(=O)N1CCN(c2ccc(S(=O)(=O)N3CCCCC3)cn2)CC1,0
CC(=O)N1c2ccccc2C(C)=CC1(C)C,0
CC(=O)N1[C@H](Cc2ccccc2)C=C[C@]1(C)C(=O)NCC[NH+]1CCOCC1,0
CC(=O)N(Cc1ccc(F)cc1)C1=C([NH2+]CCc2ccccc2)C(=O)c2ccccc2C1=O,0
CC(=O)N(c1c(C)n(C)n(-c2ccccc2)c1=O)C1(C(=O)NC2CCCC2)CCCCC1,0
CC(=O)Cn1nnc2sc(-c3ccccc3)cc2c1=O,0
CC(=O)c1sc(-c2ccccc2)cc1NS(=O)(=O)c1ccccc1,0
CC(=O)c1cnc2scnn2c1=O,0
CC(=O)c1ccccc1OCCn1nnc(-c2ccc(C)cc2)n1,0
CC(=O)c1ccc2c(c1)Cc1cc(C(C)=O)ccc1-2,0
CC(=O)c1ccc(S(=O)(=O)N2CCN(c3ccccc3F)CC2)cc1,0
CC(=O)c1ccc(NC(=S)NCC(c2ccco2)[NH+]2CCCC2)cc1,0
CC(=O)c1ccc(NC(=O)Nc2ccc(Br)cc2C)cc1,0
CC(=O)c1cc(C(=O)Nc2ccc3ccccc3c2)c(C)o1,0
CC(=O)c1cc(C#N)c(SCC(=O)Nc2nccs2)nc1C,1
CC(=O)C1=C(C)N(Cc2ccco2)C(=O)C1(NC(=O)C1CCCCC1)C(F)(F)F,0
c1nc(COc2nsnc2N2CCOCC2)cs1,0
c1csc(CSc2nnc3sc4ccccc4n23)c1,1
c1ccc2nc(-c3ccc4c(c3)OCO4)ccc2c1,0
c1ccc2c(c1)oc1c(N3CC[NH+](Cc4ccc5c(c4)OCO5)CC3)ncnc12,0
c1ccc2c(c1)ncn2Cc1nnc2sc(-c3ccncc3)nn12,1
c1ccc2c(c1)ccc1nnc(SCc3ccc4c(c3)OCCO4)n12,1
C=CCOc1cccc(C2C(C(=O)c3ccco3)=C(O)C(=O)N2CC[NH+](CC)CC)c1,0
C=CCNc1nc(C)c(C(C)=O)cc1C#N,0
C=CCNC(=S)N/N=C(\C)c1cc(OC)c(OC)c(OC)c1,0
C=CCNC(=O)c1ccc(N(C)S(=O)(=O)c2ccc(OC)cc2)cc1,0
C=CCn1c(SCc2nnc([S-])n2-c2ccccc2)nnc1-c1ccccc1,0
C=CCn1c(SCc2csc(C)n2)nc2scc(-c3ccc(C)o3)c2c1=O,1
C=CCn1c(SCc2c(Cl)cccc2Cl)nnc1-c1cccnc1,0
C=CCn1c(SCC(=O)N2CCOCC2)nc2scc(-c3ccco3)c2c1=O,1
C=CCn1c(N)c(C(=O)NCc2ccco2)sc1=S,1
C=CCn1c(COc2cccc(C)c2)nnc1SCC(=O)NC(=O)NCc1ccco1,0
C=CCn1c(CC#N)nnc1N1CCOCC1,0
C=CCN1C(=O)NC(=O)/C(=C\Nc2ccc(OC)cc2C)C1=O,0
C=CCc1ccccc1OCC(O)Cn1ccnc1C,0
C=C(Cl)COc1ccc2c(CC)cc(=O)oc2c1,1
C=C(C)C(=O)OCCCCCCOc1ccc(C(=O)[O-])cc1,0
C[NH+]1CCN(C(=O)CN(C2CCCCC2)S(=O)(=O)c2ccc(Br)cc2)CC1,0
C[NH+]1CCN(C(=O)c2ccc(/C=C3\Sc4ccccc4N(Cc4ccccc4F)C3=O)cc2)CC1,0
C[NH+]1CCCN(S(=O)(=O)c2ccc3ccccc3c2)CC1,1
C[NH+]1CCCN(C(=O)CC2(CC(=O)[O-])CCCC2)CC1,0
C[NH+]=C(c1ccc([N+](=O)[O-])cc1)N1CCCCC1,0
C[NH+](C)/C=C(\C(=O)c1ccc(F)cc1F)c1nnnn1-c1ccccc1,1
C[C@]12C=CC(=O)C=C1CC[C@@H]1[C@@H]2C(=O)C[C@@]2(C)[C@H]1CC[C@]2(O)C(=O)CO,0
C/C=C\C=C\C(=O)N1CC2(CC(c3cccc(NC(=O)CC)c3)=NO2)C[C@H]1C(N)=O,1
C/C(=N\OCC(=O)Nc1ccc(OC(F)(F)F)cc1)c1ccc2c(c1)OCCO2,0
C/C(=N\Nc1ccc([N+](=O)[O-])cc1[N+](=O)[O-])C(C)C(C)C,0
C/C(=N\NC(=O)c1ccncc1)c1cccs1,0
C(=N/n1cnnc1)\c1cccn1-c1ccccc1,1
C#CCNC(=O)C1=C[C@H](c2cn(C(C)=O)c3ccccc23)[C@@H](CCCO)[C@H](OCC)O1,0
Brc1ccc(OCc2nnnn2-c2ccccc2)cc1,1
Brc1c(CSc2nncc3ccccc23)nc2ccccn12,1
[S-]c1nnc(-c2cccc(Cl)c2)n1/N=C/c1ccco1,0